{
  "config_version": 4,
  "loadbuiltin": true,
  "quark": false,
  "dark": false,
  "oldChooseWheel": false,
  "perspective": true,
  "default3rdPersonFront": false,
  "showicon": true,
  "enableNSFW": false,
  "debug": true,
  "validate": false,
  "validationThreshold": 8.0,
  "emotesFolderOnLogicalServer": false,
  "emotesDirectory": "emotes",
  "autoFixEmoteStop": true,
  "alwaysValidateEmote": false,
  "playersafety": true,
  "stopthreshold": 0.04,
  "yratio": 0.75,
  "showHiddenConfig": false,
  "neverRemoveBadIcon": false,
  "exportBuiltin": false,
  "hideWarning": false,
  "fastmenu": {
    "0": {
      "0": "251b3e7c-0000-0000-0000-000000000000",
      "1": "a6cc943b-0000-0000-0000-000000000000",
      "2": "6de87361-c9a0-445d-9a0d-55c2cd808159",
      "3": "2e7557ac-4fa4-498d-bb9d-f8c805600775",
      "4": "4f329202-6eed-497b-aa71-20cde6877687",
      "5": "c6d60352-fbaa-42dc-9554-1f7a25fdf089",
      "6": "ebfb1e69-330a-4970-8bca-f5625c90681a",
      "7": "54828f74-0000-0000-0000-000000000000"
    },
    "1": {
      "0": "70227654-b9d4-4be0-8765-419f5919f075",
      "1": "fffc0678-e008-0000-ffff-ffffdd0f9f9c",
      "2": "a2969c42-520f-4c5c-a024-a7d0a2b7b4d1",
      "3": "96506a5e-a69c-4a18-9add-d43dfd272fa6",
      "4": "1f9e3ab9-2daf-41a6-8f91-0108b7db673e",
      "5": "60562105-6942-4cdf-b935-138c2421e56b",
      "6": "8c162beb-200e-4d5f-9cf4-d42a482c8ce8",
      "7": "84ad5f9b-a2bd-438c-b68f-ec057b114059"
    },
    "2": {
      "0": "58171ff8-16f8-4def-ac13-99fdd4d44544",
      "1": "691c6abb-a875-4d56-85f0-ad9776b732b0",
      "2": "1bf8b824-0000-0000-0000-000000000000",
      "3": "d30a0742-0000-0000-0000-000000000000",
      "4": "21034947-def0-4e2f-ac8e-c4bc434db4c3",
      "5": "0de63fbe-2f20-44e0-8969-479b76ceeb6b",
      "6": "7146ae20-0520-415e-beb4-9379f848f590",
      "7": "0f36b40a-4cd0-4a25-a416-e1d04b244be7"
    },
    "3": {
      "0": "d5bfbbe8-89b6-45ce-979d-89c7ca3b0ced",
      "1": "01a53a42-2fd2-418c-8e46-e4ee1ff9ee6a",
      "2": "84276e7e-788c-45c3-81c3-ee78c3037d89",
      "3": "7f267fdb-0000-0000-0000-000000000000",
      "4": "682d570a-704f-46cc-b708-d7b5dad5cfa2",
      "5": "a52e2ad4-e3d5-4a70-a3c8-d367cae3f519",
      "6": "fffffffe-3d45-f468-7cfc-e00000000000",
      "7": "1a4bdab5-91f8-4d05-950b-a8c4ea2e84c1"
    },
    "4": {
      "0": "91a45b2b-cb75-486c-b9aa-23f46839152c",
      "1": "b5ad903a-d9fd-4fe9-8ac2-45bdbdeee259",
      "2": "931b2bda-a25e-4e55-957a-88c46f5e9a7b",
      "3": "bac1570f-8b0f-4f7b-b1ce-fde5274a32c9",
      "4": "fc852918-60c7-455a-9c5d-ea972e2bf5b8",
      "5": "d11cc54d-0000-0000-0000-000000000000",
      "6": "3045b335-12ca-4ddb-aca5-0aef450a5e4c",
      "7": "dc342844-eeab-4895-859e-b0720427a2e2"
    },
    "5": {
      "0": "423c51b1-34b4-45e4-9fbe-4dbd6b99a45d",
      "1": "fa4601b6-2b63-434b-80ab-ac5aafabadac",
      "2": "b3ca4fb6-6649-4a9a-bdb1-de8befe2e4f2",
      "3": "f7115eb1-0e0d-4561-86ec-bb3e99948852",
      "4": "f9f6669d-f1b3-4170-8bc5-475a9a600439",
      "5": "c200a139-d56c-4b62-96cf-06e0880151d4",
      "6": "461224e6-6215-41a6-8e45-17a7df2a4599",
      "7": "51362f4d-cb3c-43af-b836-15b309db8be7"
    },
    "6": {
      "2": "c0e6d09c-0000-0000-0000-000000000000",
      "3": "bc2d6562-0698-4dcb-a4db-18757ed99f8c",
      "4": "a7003757-da3a-4098-a84d-64d97dc858c5",
      "5": "33b912f8-0aa0-45e6-a2d4-9b5677e6f35c",
      "6": "d49d01e0-0f16-45b4-af55-35e18b65335a"
    }
  },
  "keys": {}
}