{
  "logModelCreationData": false,
  "debugOnRightClick": false,
  "renderModeChoice": "NORMAL",
  "vanillaModelHologramRenderMode_2": "OFF",
  "attemptRevertingEntityModelsAlteredByAnotherMod": true,
  "modelExportMode": "NONE",
  "attemptPhysicsModPatch_2": "VANILLA",
  "modelUpdateFrequency": "Average",
  "entityRenderModeOverrides": {},
  "entityPhysicsModPatchOverrides": {},
  "entityVanillaHologramOverrides": {},
  "modelsNamesDisabled": [],
  "allowEBEModConfigModify": true,
  "animationLODDistance": 20,
  "retainDetailOnLowFps": true,
  "retainDetailOnLargerMobs": true,
  "preventFirstPersonHandAnimating": false,
  "onlyClientPlayerModel": false
}